{
  "project_info": {
    "project_number": "119988317070",
    "firebase_url": "https://finaluri-91f07.firebaseio.com",
    "project_id": "finaluri-91f07",
    "storage_bucket": "finaluri-91f07.appspot.com"
  },
  "client": [
    {
      "client_info": {
        "mobilesdk_app_id": "1:119988317070:android:4d8566cdadfa2b279452df",
        "android_client_info": {
          "package_name": "com.example.finaluri"
        }
      },
      "oauth_client": [
        {
          "client_id": "119988317070-ksjpi2i6lp6fsr7io55l70qlgs52b803.apps.googleusercontent.com",
          "client_type": 1,
          "android_info": {
            "package_name": "com.example.finaluri",
            "certificate_hash": "420bd260407e43506fee9164296e567e94ba4526"
          }
        },
        {
          "client_id": "119988317070-33d9rvt5mmlv5joar95b6pg3sv9u9tp0.apps.googleusercontent.com",
          "client_type": 3
        }
      ],
      "api_key": [
        {
          "current_key": "AIzaSyABS89vCNt1LJUctfW9pfGCEWndMczSXEk"
        }
      ],
      "services": {
        "appinvite_service": {
          "other_platform_oauth_client": [
            {
              "client_id": "119988317070-33d9rvt5mmlv5joar95b6pg3sv9u9tp0.apps.googleusercontent.com",
              "client_type": 3
            }
          ]
        }
      }
    }
  ],
  "configuration_version": "1"
}